{
    "Bleu_1": 0.5970722449253755,
    "Bleu_2": 0.5233912301265667,
    "Bleu_3": 0.4335156426548263,
    "Bleu_4": 0.352760723579056,
    "METEOR": 0.3094418765586417,
    "ROUGE_L": 0.6395122177018563,
    "CIDEr": 2.608003661952311,
    "SPICE": 0.6128753761492483
}