{
    "Bleu_1": 0.3060384559206587,
    "Bleu_2": 0.1943481565662038,
    "Bleu_3": 0.14067519240463383,
    "Bleu_4": 0.10773384956087212,
    "METEOR": 0.15140138953233742,
    "ROUGE_L": 0.3097684680876268,
    "CIDEr": 0.9774888915237454,
    "SPICE": 0.25138728482503564
}